name,value
log_price_doc,15.609216275932528
product_type_OwnerOccupier,0.0
num_room,1.9104082893856744
full_sq,53.99076811879887
