name,Value
full_sq,52.68090741192459
life_sq,33.36315469832734
floor,7.6556310832266
max_floor,12.547684618527049
build_year,1969.9887799713083
num_room,1.888050312812697
kitch_sq,6.0240307874905
state,2.099188528338482
sub_area,15.599602169585983
metro_min_avto,5.042090299878419
mkad_km,6.247931771010349
usdrub,93.9
salary,75034.0
mortgage_rate,16.0
unemployment,0.028
product_type_OwnerOccupier,0.0
